{
  "deleteFeedingPoint" : {
    "transaction" : "deleteFeedingPoint",
    "sampleCount" : 417,
    "errorCount" : 0,
    "errorPct" : 0.0,
    "meanResTime" : 329.58513189448456,
    "medianResTime" : 370.0,
    "minResTime" : 183.0,
    "maxResTime" : 1021.0,
    "pct1ResTime" : 448.79999999999995,
    "pct2ResTime" : 490.09999999999997,
    "pct3ResTime" : 724.5599999999996,
    "throughput" : 0.013733844289428023,
    "receivedKBytesPerSec" : 0.02686572648512259,
    "sentKBytesPerSec" : 0.045801834226949896
  },
  "createFeedingPoint" : {
    "transaction" : "createFeedingPoint",
    "sampleCount" : 417,
    "errorCount" : 0,
    "errorPct" : 0.0,
    "meanResTime" : 243.45563549160659,
    "medianResTime" : 212.0,
    "minResTime" : 178.0,
    "maxResTime" : 1037.0,
    "pct1ResTime" : 301.59999999999997,
    "pct2ResTime" : 440.79999999999905,
    "pct3ResTime" : 680.8799999999998,
    "throughput" : 0.013730411115508647,
    "receivedKBytesPerSec" : 0.02163402788936252,
    "sentKBytesPerSec" : 0.05344669795548581
  },
  "getFeedingPoint" : {
    "transaction" : "getFeedingPoint",
    "sampleCount" : 28360,
    "errorCount" : 0,
    "errorPct" : 0.0,
    "meanResTime" : 309.7508815232726,
    "medianResTime" : 240.0,
    "minResTime" : 172.0,
    "maxResTime" : 4014.0,
    "pct1ResTime" : 424.0,
    "pct2ResTime" : 475.0,
    "pct3ResTime" : 817.0,
    "throughput" : 0.9313186638164901,
    "receivedKBytesPerSec" : 1.8162047394030156,
    "sentKBytesPerSec" : 2.9913155129808944
  },
  "updateFeedingPoint" : {
    "transaction" : "updateFeedingPoint",
    "sampleCount" : 417,
    "errorCount" : 0,
    "errorPct" : 0.0,
    "meanResTime" : 285.4244604316547,
    "medianResTime" : 230.0,
    "minResTime" : 186.0,
    "maxResTime" : 1542.0,
    "pct1ResTime" : 409.3999999999999,
    "pct2ResTime" : 549.7999999999997,
    "pct3ResTime" : 865.7199999999997,
    "throughput" : 0.01373331147420479,
    "receivedKBytesPerSec" : 0.026784955305892883,
    "sentKBytesPerSec" : 0.04777153854601315
  },
  "listLanguages" : {
    "transaction" : "listLanguages",
    "sampleCount" : 13979,
    "errorCount" : 0,
    "errorPct" : 0.0,
    "meanResTime" : 404.44523928750397,
    "medianResTime" : 351.0,
    "minResTime" : 267.0,
    "maxResTime" : 1681.0,
    "pct1ResTime" : 531.0,
    "pct2ResTime" : 594.0,
    "pct3ResTime" : 699.2000000000007,
    "throughput" : 0.4590899732602012,
    "receivedKBytesPerSec" : 0.5137862716773376,
    "sentKBytesPerSec" : 0.30710608562816194
  },
  "searchByBounds" : {
    "transaction" : "searchByBounds",
    "sampleCount" : 40032,
    "errorCount" : 0,
    "errorPct" : 0.0,
    "meanResTime" : 382.4466426858473,
    "medianResTime" : 342.0,
    "minResTime" : 156.0,
    "maxResTime" : 8423.0,
    "pct1ResTime" : 562.0,
    "pct2ResTime" : 631.9500000000007,
    "pct3ResTime" : 982.0,
    "throughput" : 1.3160615162763165,
    "receivedKBytesPerSec" : 37.21004087206738,
    "sentKBytesPerSec" : 2.9109346489463768
  },
  "Total" : {
    "transaction" : "Total",
    "sampleCount" : 197341,
    "errorCount" : 0,
    "errorPct" : 0.0,
    "meanResTime" : 376.61882224170364,
    "medianResTime" : 344.0,
    "minResTime" : 152.0,
    "maxResTime" : 26654.0,
    "pct1ResTime" : 589.0,
    "pct2ResTime" : 638.0,
    "pct3ResTime" : 875.9900000000016,
    "throughput" : 6.478158696947993,
    "receivedKBytesPerSec" : 109.22293512707742,
    "sentKBytesPerSec" : 13.783572412248215
  },
  "searchFeedingPoints" : {
    "transaction" : "searchFeedingPoints",
    "sampleCount" : 70114,
    "errorCount" : 0,
    "errorPct" : 0.0,
    "meanResTime" : 471.43248138745514,
    "medianResTime" : 408.0,
    "minResTime" : 174.0,
    "maxResTime" : 26654.0,
    "pct1ResTime" : 647.0,
    "pct2ResTime" : 718.9500000000007,
    "pct3ResTime" : 1087.9900000000016,
    "throughput" : 2.3018620545292516,
    "receivedKBytesPerSec" : 68.04507203299325,
    "sentKBytesPerSec" : 5.889667984082766
  },
  "searchPets" : {
    "transaction" : "searchPets",
    "sampleCount" : 1668,
    "errorCount" : 0,
    "errorPct" : 0.0,
    "meanResTime" : 312.13848920863285,
    "medianResTime" : 282.0,
    "minResTime" : 158.0,
    "maxResTime" : 2842.0,
    "pct1ResTime" : 471.0,
    "pct2ResTime" : 520.0,
    "pct3ResTime" : 870.8599999999997,
    "throughput" : 0.05485361238168367,
    "receivedKBytesPerSec" : 0.3607655137928718,
    "sentKBytesPerSec" : 0.12004584506577452
  },
  "searchCategories" : {
    "transaction" : "searchCategories",
    "sampleCount" : 27958,
    "errorCount" : 0,
    "errorPct" : 0.0,
    "meanResTime" : 252.33063881536705,
    "medianResTime" : 198.0,
    "minResTime" : 154.0,
    "maxResTime" : 24408.0,
    "pct1ResTime" : 376.0,
    "pct2ResTime" : 400.0,
    "pct3ResTime" : 482.0,
    "throughput" : 0.9182006328483896,
    "receivedKBytesPerSec" : 0.8002878141211395,
    "sentKBytesPerSec" : 1.1141252796036367
  },
  "listLanguagesSettings" : {
    "transaction" : "listLanguagesSettings",
    "sampleCount" : 13979,
    "errorCount" : 0,
    "errorPct" : 0.0,
    "meanResTime" : 256.5742900064376,
    "medianResTime" : 203.0,
    "minResTime" : 152.0,
    "maxResTime" : 1363.0,
    "pct1ResTime" : 383.0,
    "pct2ResTime" : 405.0,
    "pct3ResTime" : 473.2000000000007,
    "throughput" : 0.45909617005613135,
    "receivedKBytesPerSec" : 0.46447623537109217,
    "sentKBytesPerSec" : 0.31069691977431546
  }
}