{
  "createFeedingPoint" : {
    "transaction" : "createFeedingPoint",
    "sampleCount" : 566,
    "errorCount" : 0,
    "errorPct" : 0.0,
    "meanResTime" : 236.90812720848044,
    "medianResTime" : 205.0,
    "minResTime" : 175.0,
    "maxResTime" : 1236.0,
    "pct1ResTime" : 327.3,
    "pct2ResTime" : 445.8499999999998,
    "pct3ResTime" : 638.6100000000007,
    "throughput" : 0.06529098032791991,
    "receivedKBytesPerSec" : 0.10292332505852829,
    "sentKBytesPerSec" : 0.2541502417842664
  },
  "getFeedingPoint" : {
    "transaction" : "getFeedingPoint",
    "sampleCount" : 18725,
    "errorCount" : 0,
    "errorPct" : 0.0,
    "meanResTime" : 267.905206942587,
    "medianResTime" : 216.0,
    "minResTime" : 184.0,
    "maxResTime" : 1946.0,
    "pct1ResTime" : 398.0,
    "pct2ResTime" : 426.0,
    "pct3ResTime" : 641.7400000000016,
    "throughput" : 2.170376087636599,
    "receivedKBytesPerSec" : 4.22494848924583,
    "sentKBytesPerSec" : 6.971061476793724
  },
  "listLanguages" : {
    "transaction" : "listLanguages",
    "sampleCount" : 9969,
    "errorCount" : 0,
    "errorPct" : 0.0,
    "meanResTime" : 365.45832079446427,
    "medianResTime" : 300.0,
    "minResTime" : 266.0,
    "maxResTime" : 15294.0,
    "pct1ResTime" : 491.0,
    "pct2ResTime" : 522.0,
    "pct3ResTime" : 705.2999999999993,
    "throughput" : 1.1469430957914357,
    "receivedKBytesPerSec" : 1.2840443003750663,
    "sentKBytesPerSec" : 0.7672422076339194
  },
  "searchByBounds" : {
    "transaction" : "searchByBounds",
    "sampleCount" : 12580,
    "errorCount" : 0,
    "errorPct" : 0.0,
    "meanResTime" : 404.901589825119,
    "medianResTime" : 335.0,
    "minResTime" : 261.0,
    "maxResTime" : 22068.0,
    "pct1ResTime" : 610.0,
    "pct2ResTime" : 689.9499999999989,
    "pct3ResTime" : 1027.380000000001,
    "throughput" : 1.445188304130114,
    "receivedKBytesPerSec" : 39.63151484791691,
    "sentKBytesPerSec" : 3.1937181545921836
  },
  "Total" : {
    "transaction" : "Total",
    "sampleCount" : 123935,
    "errorCount" : 0,
    "errorPct" : 0.0,
    "meanResTime" : 343.255714689152,
    "medianResTime" : 341.0,
    "minResTime" : 152.0,
    "maxResTime" : 22401.0,
    "pct1ResTime" : 594.0,
    "pct2ResTime" : 648.0,
    "pct3ResTime" : 868.0,
    "throughput" : 14.222433885506739,
    "receivedKBytesPerSec" : 216.32423222052319,
    "sentKBytesPerSec" : 29.948024288899827
  },
  "searchFeedingPoints" : {
    "transaction" : "searchFeedingPoints",
    "sampleCount" : 51054,
    "errorCount" : 0,
    "errorPct" : 0.0,
    "meanResTime" : 427.00667920241347,
    "medianResTime" : 368.0,
    "minResTime" : 177.0,
    "maxResTime" : 22401.0,
    "pct1ResTime" : 623.0,
    "pct2ResTime" : 690.0,
    "pct3ResTime" : 1063.0,
    "throughput" : 5.873436384796021,
    "receivedKBytesPerSec" : 167.561896818272,
    "sentKBytesPerSec" : 15.039925169777044
  },
  "searchPets" : {
    "transaction" : "searchPets",
    "sampleCount" : 1134,
    "errorCount" : 0,
    "errorPct" : 0.0,
    "meanResTime" : 311.91975308641906,
    "medianResTime" : 277.0,
    "minResTime" : 158.0,
    "maxResTime" : 19330.0,
    "pct1ResTime" : 462.0,
    "pct2ResTime" : 498.5,
    "pct3ResTime" : 740.2000000000044,
    "throughput" : 0.13045347883996258,
    "receivedKBytesPerSec" : 0.8732695285636749,
    "sentKBytesPerSec" : 0.28549438093784774
  },
  "searchCategories" : {
    "transaction" : "searchCategories",
    "sampleCount" : 19938,
    "errorCount" : 0,
    "errorPct" : 0.0,
    "meanResTime" : 220.69224596248498,
    "medianResTime" : 173.0,
    "minResTime" : 155.0,
    "maxResTime" : 21861.0,
    "pct1ResTime" : 349.0,
    "pct2ResTime" : 364.0,
    "pct3ResTime" : 445.0,
    "throughput" : 2.293905985290607,
    "receivedKBytesPerSec" : 2.00023540709698,
    "sentKBytesPerSec" : 2.783377135472245
  },
  "listLanguagesSettings" : {
    "transaction" : "listLanguagesSettings",
    "sampleCount" : 9969,
    "errorCount" : 0,
    "errorPct" : 0.0,
    "meanResTime" : 210.61169625840122,
    "medianResTime" : 172.0,
    "minResTime" : 152.0,
    "maxResTime" : 1153.0,
    "pct1ResTime" : 350.0,
    "pct2ResTime" : 368.0,
    "pct3ResTime" : 433.2999999999993,
    "throughput" : 1.1469950891719936,
    "receivedKBytesPerSec" : 1.1608901457514467,
    "sentKBytesPerSec" : 0.7762378874962808
  }
}