{
  "deleteFeedingPoint" : {
    "transaction" : "deleteFeedingPoint",
    "sampleCount" : 247,
    "errorCount" : 0,
    "errorPct" : 0.0,
    "meanResTime" : 344.0283400809719,
    "medianResTime" : 378.0,
    "minResTime" : 183.0,
    "maxResTime" : 623.0,
    "pct1ResTime" : 442.80000000000007,
    "pct2ResTime" : 489.4,
    "pct3ResTime" : 542.7600000000004,
    "throughput" : 0.05277535326902717,
    "receivedKBytesPerSec" : 0.10201333398946416,
    "sentKBytesPerSec" : 0.17600374161496854
  },
  "createFeedingPoint" : {
    "transaction" : "createFeedingPoint",
    "sampleCount" : 247,
    "errorCount" : 0,
    "errorPct" : 0.0,
    "meanResTime" : 377.582995951417,
    "medianResTime" : 417.0,
    "minResTime" : 181.0,
    "maxResTime" : 817.0,
    "pct1ResTime" : 499.20000000000005,
    "pct2ResTime" : 544.8,
    "pct3ResTime" : 718.8000000000017,
    "throughput" : 0.05277262455354253,
    "receivedKBytesPerSec" : 0.08324090334554937,
    "sentKBytesPerSec" : 0.2054215639359575
  },
  "getFeedingPoint" : {
    "transaction" : "getFeedingPoint",
    "sampleCount" : 11617,
    "errorCount" : 0,
    "errorPct" : 0.0,
    "meanResTime" : 271.34914349659914,
    "medianResTime" : 218.0,
    "minResTime" : 160.0,
    "maxResTime" : 1833.0,
    "pct1ResTime" : 397.2000000000007,
    "pct2ResTime" : 438.0,
    "pct3ResTime" : 725.2799999999988,
    "throughput" : 2.46828643936136,
    "receivedKBytesPerSec" : 4.733221054975201,
    "sentKBytesPerSec" : 7.927923924862807
  },
  "updateFeedingPoint" : {
    "transaction" : "updateFeedingPoint",
    "sampleCount" : 247,
    "errorCount" : 0,
    "errorPct" : 0.0,
    "meanResTime" : 281.0040485829959,
    "medianResTime" : 220.0,
    "minResTime" : 184.0,
    "maxResTime" : 883.0,
    "pct1ResTime" : 472.20000000000005,
    "pct2ResTime" : 510.6,
    "pct3ResTime" : 840.1600000000001,
    "throughput" : 0.05277030198499657,
    "receivedKBytesPerSec" : 0.10249553755792716,
    "sentKBytesPerSec" : 0.1835623199907791
  },
  "listLanguages" : {
    "transaction" : "listLanguages",
    "sampleCount" : 5748,
    "errorCount" : 0,
    "errorPct" : 0.0,
    "meanResTime" : 451.64091858037614,
    "medianResTime" : 306.0,
    "minResTime" : 261.0,
    "maxResTime" : 28373.0,
    "pct1ResTime" : 495.0,
    "pct2ResTime" : 573.1000000000004,
    "pct3ResTime" : 1441.8500000000076,
    "throughput" : 1.2169506747534182,
    "receivedKBytesPerSec" : 1.3624545859911785,
    "sentKBytesPerSec" : 0.8140734494200113
  },
  "searchByBounds" : {
    "transaction" : "searchByBounds",
    "sampleCount" : 1467,
    "errorCount" : 0,
    "errorPct" : 0.0,
    "meanResTime" : 479.6428084526248,
    "medianResTime" : 450.0,
    "minResTime" : 241.0,
    "maxResTime" : 2462.0,
    "pct1ResTime" : 673.0,
    "pct2ResTime" : 742.5999999999999,
    "pct3ResTime" : 1194.0799999999988,
    "throughput" : 0.3126805053189789,
    "receivedKBytesPerSec" : 5.023429515470439,
    "sentKBytesPerSec" : 0.686676619325872
  },
  "Total" : {
    "transaction" : "Total",
    "sampleCount" : 63185,
    "errorCount" : 0,
    "errorPct" : 0.0,
    "meanResTime" : 364.3900134525591,
    "medianResTime" : 306.0,
    "minResTime" : 142.0,
    "maxResTime" : 29437.0,
    "pct1ResTime" : 571.0,
    "pct2ResTime" : 665.0,
    "pct3ResTime" : 1131.0,
    "throughput" : 13.371883976447199,
    "receivedKBytesPerSec" : 173.915403018274,
    "sentKBytesPerSec" : 27.901257316667525
  },
  "searchFeedingPoints" : {
    "transaction" : "searchFeedingPoints",
    "sampleCount" : 25390,
    "errorCount" : 0,
    "errorPct" : 0.0,
    "meanResTime" : 455.96561638440295,
    "medianResTime" : 371.0,
    "minResTime" : 172.0,
    "maxResTime" : 29437.0,
    "pct1ResTime" : 652.9000000000015,
    "pct2ResTime" : 747.0,
    "pct3ResTime" : 1194.9900000000016,
    "throughput" : 5.375751022483089,
    "receivedKBytesPerSec" : 157.88636823496194,
    "sentKBytesPerSec" : 13.724883070732625
  },
  "searchPets" : {
    "transaction" : "searchPets",
    "sampleCount" : 990,
    "errorCount" : 0,
    "errorPct" : 0.0,
    "meanResTime" : 362.0585858585859,
    "medianResTime" : 324.5,
    "minResTime" : 145.0,
    "maxResTime" : 25238.0,
    "pct1ResTime" : 498.0,
    "pct2ResTime" : 550.4499999999999,
    "pct3ResTime" : 928.8100000000003,
    "throughput" : 0.21103153493254023,
    "receivedKBytesPerSec" : 1.4118937279829094,
    "sentKBytesPerSec" : 0.4618375681482643
  },
  "searchCategories" : {
    "transaction" : "searchCategories",
    "sampleCount" : 11486,
    "errorCount" : 0,
    "errorPct" : 0.0,
    "meanResTime" : 274.68274421034204,
    "medianResTime" : 175.0,
    "minResTime" : 142.0,
    "maxResTime" : 29055.0,
    "pct1ResTime" : 353.0,
    "pct2ResTime" : 392.0,
    "pct3ResTime" : 641.1299999999992,
    "throughput" : 2.4319875601486043,
    "receivedKBytesPerSec" : 2.120253552660915,
    "sentKBytesPerSec" : 2.950888288299781
  },
  "listLanguagesSettings" : {
    "transaction" : "listLanguagesSettings",
    "sampleCount" : 5746,
    "errorCount" : 0,
    "errorPct" : 0.0,
    "meanResTime" : 214.7572224155936,
    "medianResTime" : 174.0,
    "minResTime" : 145.0,
    "maxResTime" : 2233.0,
    "pct1ResTime" : 351.0,
    "pct2ResTime" : 372.0,
    "pct3ResTime" : 461.0,
    "throughput" : 1.2166993145531932,
    "receivedKBytesPerSec" : 1.2314736434046152,
    "sentKBytesPerSec" : 0.8234107665872685
  }
}